2012010,0,朝倉音姫
2012020,0,朝倉由夢
2012030,0,白河ななか
2022010,0,古河渚
2022020,0,藤林杏
2022030,0,坂上智代
2032010,0,リシアンサス
2032020,0,ネリネ
2032030,0,芙蓉楓
3012040,0,雪村杏
3012050,0,月島小恋
3022040,0,伊吹風子
3022050,0,一ノ瀬ことみ
3032040,0,プリムラ
3032050,0,時雨亜沙
4000010,0,ニワンゴ
4010010,0,南極さくら
10000000,10,バーベナ学園女子帽子
10000010,10,秋色キャスケット(ピンク)
10000011,10,秋色キャスケット(グレー)
10000012,10,秋色キャスケット(ベージュ)
10000013,10,秋色キャスケット(紺)
10000020,10,迷彩キャップ(カーキー)
10000021,10,迷彩キャップ(サンド)
10000022,10,迷彩キャップ(モノクロ)
10000030,10,ステッチニット帽(白)
10000031,10,ステッチニット帽(黒)
10000032,10,ステッチニット帽(ネイビー)
10000033,10,ステッチニット帽(緑)
10000034,10,ステッチニット帽(ベージュ)
10000040,10,見習い魔女のとんがり帽子♀
10000050,10,根性のドカヘル♂
10000060,10,野球帽(黒)
10000061,10,野球帽(青)
10000062,10,野球帽(黄)
10000063,10,野球帽(赤)
10000064,10,野球帽(緑)
10000070,50,魔女の帽子(黒)
10000071,50,魔女の帽子(オレンジ)
10000072,50,魔女の帽子(黄)
10000080,10,駅員帽子
10000090,10,メリーメリー帽(赤白)
10000091,10,メリーメリー帽(白白)
10000100,10,ポンポンニット帽(緑)
10000101,10,ポンポンニット帽(赤)
10000102,10,ポンポンニット帽(白)
10000110,10,お嬢様のベレー帽(黒)・未公開?
10000111,10,お嬢様のベレー帽(ワイン)
10000112,10,N/A
10000120,10,マッドモンスターキャップ(黒)♀
10000121,10,マッドモンスターキャップ(白)♀
10000130,10,渚とお揃いの白い帽子♀
10000140,10,不明
10000150,10,かなでとお揃いの帽子♀
10000160,10,美空学園帽子♀
10000170,10,不明
10000180,10,不明
10000181,10,N/A
10000190,10,N/A
10000200,10,N/A
10000210,10,N/A
10000220,10,N/A
10000221,10,N/A
10000230,10,N/A
10000240,10,N/A
10000250,10,N/A
10000260,10,N/A
10000261,10,N/A
10000262,10,N/A
10000263,10,N/A
10000270,10,N/A
10000280,10,N/A
10000290,10,N/A
10000291,10,N/A
10000292,10,N/A
10000293,10,N/A
10000294,10,N/A
10011114,26,N/A
10100000,0,風見学園本校・女子ワンピース♀
10100010,0,光坂高校三年・女子制服♀
10100011,0,光坂高校一年・女子制服♀
10100012,0,光坂高校二年・女子制服♀
10100020,0,バーベナ学園・女子制服♀
10100030,0,無地のカーディガン(灰)
10100031,0,無地のカーディガン(赤)
10100032,0,無地のカーディガン(水)
10100033,0,無地のカーディガン(黄)
10100034,0,無地のカーディガン(黒)
10100035,0,無地のカーディガン(紺)
10100036,0,無地のカーディガン(白)
10100050,0,レースキャミソール(黒)
10100051,0,レースキャミソール(茶)
10100052,0,レースキャミソール(水色)
10100053,0,レースキャミソール(黄)
10100054,0,レースキャミソール(白)
10100060,0,ai sp@ceＴシャツ(ピンク)
10100061,0,ai sp@ceＴシャツ(青)
10100062,0,ai sp@ceＴシャツ(黄)
10100063,0,ai sp@ceＴシャツ(赤)
10100064,0,ai sp@ceＴシャツ(緑)
10100065,0,ai sp@ceＴシャツ(白)
10100066,0,ai sp@ceＴシャツ(黒)
10100070,0,エアリーチューブ(ピンク)
10100071,0,エアリーチューブ(赤)
10100072,0,エアリーチューブ(水色)
10100073,0,エアリーチューブ(黄)
10100080,0,巫女装束(赤)♀
10100081,0,巫女装束(パープル)♀
10100082,0,巫女装束(ネイビー)♀
10100083,0,巫女装束(ピンク)♀
10100090,0,梅柄チャイナドレス(青)
10100091,0,梅柄チャイナドレス(赤)
10100092,0,梅柄チャイナドレス(白)
10100093,0,桜のチャイナドレス♀
10100094,0,N/A
10100100,0,ナース服(ピンク)・NPC専用
10100101,0,ナース服(白)・未公開
10100102,0,ナース服(黒)・未公開
10100110,0,大和撫子(黒)♀
10100111,0,大和撫子(赤)♀
10100112,0,大和撫子(ブルー)♀
10100113,0,大和撫子(黄)♀
10100114,0,N/A
10100115,0,N/A
10100120,0,ヴィクトリアンメイド(黒)
10100121,0,ヴィクトリアンメイド(真紅)
10100122,0,ヴィクトリアンメイド(ブルー)
10100123,0,ヴィクトリアンメイド(黄)
10100130,0,風見学園付属二年・女子制服♀
10100131,0,風見学園付属一年・女子制服♀
10100132,0,風見学園付属三年・女子制服♀
10100139,0,N/A
10100140,0,(男性用アイテム)
10100141,0,(男性用アイテム)
10100142,0,(男性用アイテム)
10100143,0,(男性用アイテム)
10100144,0,(男性用アイテム)
10100160,0,(男性用アイテム)
10100161,0,(男性用アイテム)
10100162,0,(男性用アイテム)
10100170,0,(男性用アイテム)
10100171,0,(男性用アイテム)
10100172,0,(男性用アイテム)
10100173,0,(男性用アイテム)
10100174,0,N/A
10100175,0,N/A
10100180,0,(男性用アイテム)
10100190,0,(男性用アイテム)
10100191,0,(男性用アイテム)
10100192,0,(男性用アイテム)
10100200,0,ファーダウンベスト♀(白)
10100201,0,ファーダウンベスト♀(水色)
10100202,0,ファーダウンベスト♀(カーキ)
10100203,0,ファーダウンベスト♀(黒)
10100210,0,(男性用アイテム)
10100211,0,(男性用アイテム)
10100212,0,(男性用アイテム)
10100220,0,(男性用アイテム)
10100221,0,(男性用アイテム)
10100222,0,(男性用アイテム)
10100223,0,(男性用アイテム)
10100224,0,(男性用アイテム)
10100225,0,(男性用アイテム)
10100226,0,(男性用アイテム)
10100250,0,(男性用アイテム)
10100251,0,(男性用アイテム)
10100252,0,(男性用アイテム)
10100260,0,風見学園本校・女子ジャケット♀
10100270,0,(男性用アイテム)
10100280,0,(男性用アイテム)
10100281,0,(男性用アイテム)
10100282,0,(男性用アイテム)
10100300,0,(男性用アイテム)
10100310,0,黒コート♂
10100320,0,女性用シャツ紫色
10100340,0,外神田ショップエプロン
10100341,0,調理部のエプロン(ひよこ)
10100342,0,調理部のエプロン(おはな)
10100370,0,科学部の白衣(ホワイト)♀
10100380,0,教師のスーツ(紫)
10100381,0,教師のスーツ(ピンク)
10100382,0,教師のスーツ(黒)
10100385,0,N/A
10100386,0,N/A
10100390,0,フォーマルブラウス(白)♀
10100391,0,フォーマルブラウス(ピンク)♀
10100392,0,フォーマルブラウス(グレー)♀
10100393,0,フォーマルブラウス(ベージュ)♀
10100394,0,N/A
10100395,0,N/A
10100400,0,チノツナギ(カーキ)♂
10100410,0,ピュアニット(黄)♀
10100411,0,ピュアニット(白)♀
10100412,0,ピュアニット(青)♀
10100420,0,バニーガール(黒)
10100421,0,バニーガール(白) 表示不可?
10100422,0,バニーガール(黄) 表示不可?
10100423,0,バニーガール(ピンク) 表示不可?
10100424,0,バニーガール(赤) 表示不可?
10100425,0,バニーガール(青) 表示不可?
10100430,0,エプロン(青) 表示不可?
10100440,0,(男性用アイテム)
10100450,0,タートルセーター♂(黒)
10100451,0,タートルセーター♂(グレー)
10100452,0,タートルセーター♂(白)
10100460,0,パンクスカルTシャツ♂(黒)
10100461,0,パンクスカルTシャツ♂(白)
10100470,0,ななかとお揃いのセーター♀
10100480,0,船乗りのダッフルコート♀(青緑)
10100481,0,船乗りのダッフルコート♀(モカ)
10100482,0,船乗りのダッフルコート♀(白)
10100483,0,船乗りのダッフルコート♀(黒)
10100490,0,駅員制服
10100500,0,いたずら魔女ドレス(オレンジ)
10100501,0,いたずら魔女ドレス(赤)
10100503,0,いたずら魔女ドレス(黄)
10100510,0,エンタま君Tシャツ♂
10100520,0,エンタま君Tシャツ♀
10100530,0,タートルセーター♀(黒)
10100531,0,タートルセーター♀(ピンク)
10100532,0,タートルセーター♀(白)
10100540,0,パンクスカルTシャツ(白)
10100541,0,パンクスカルTシャツ(黒)
10100550,0,メリーメリードレス(赤白)♀
10100551,0,メリーメリードレス(白白)♀
10100570,0,ai sp@ceセット
10100571,0,N/A
10100580,0,木漏れ日のワンピース(赤)
10100581,0,木漏れ日のワンピース(紺)
10100582,0,木漏れ日のワンピース(茶)
10100590,0,コンプティークTシャツ♂
10100591,0,D.C.II P.C.記念Tシャツ♂
10100592,0,N/A
10100600,0,コンプティークTシャツ♀
10100601,0,D.C.II P.C.記念Tシャツ♀
10100602,0,N/A
10100610,0,振袖(緑)♀
10100611,0,振袖(赤)♀
10100620,0,ガーリーニットワンピ(白)♀
10100621,0,ガーリーニットワンピ(水色)♀
10100622,0,ガーリーニットワンピ(ピンク)♀
10100623,0,ガーリーニットワンピ(紺)♀
10100630,0,アーガイルセーター(紺)♀
10100631,0,アーガイルセーター(グレー)♀
10100632,0,N/A
10100633,0,N/A
10100640,0,ゴスロリワルツコート♀(ピンク)
10100641,0,ゴスロリワルツコート♀(黒)
10100643,0,N/A
10100650,0,ヴァイストップス♀
10100651,0,シュヴァルツトップス♀
10100660,0,パンクフリルシャツ(黒)♀
10100661,0,パンクフリルシャツ(白)♀
10100670,0,お嬢様のリボンブラウス(白)♀・未公開?
10100671,0,お嬢様のリボンブラウス(黒)♀
10100672,0,N/A
10100680,0,ジャージ・ボーイ♂(黒)
10100681,0,ジャージ・ボーイ♂(赤)
10100682,0,ジャージ・ボーイ♂(青)
10100683,0,ジャージ・ボーイ♂(黄)
10100684,0,ジャージ・ボーイ♂(白)
10100690,0,ジャージ・ガール♀(黒)
10100691,0,ジャージ・ガール♀(赤)
10100692,0,ジャージ・ガール♀(青)
10100693,0,ジャージ・ガール♀(黄)
10100694,0,ジャージ・ガール♀(白)
10100700,0,ななかとお揃いのジャージ♀
10100710,0,喫茶フローラ制服♀
10100720,0,シアとお揃いのニット(ピンク)♀
10100721,0,シアとお揃いのニット(水色)♀
10100730,0,シアとお揃いのエプロン♀
10100740,0,美空学園二年女子制服♀
10100741,0,美空学園三年女子制服♀
10100750,0,バーベナ学園冬服♀
10100760,0,光坂高校xx年夏服♀
10100761,0,光坂高校xx年夏服♀
10100762,0,光坂高校xx年夏服♀
10100770,0,励学館学園二年女子制服♀
10100771,0,励学館学園一年女子制服♀
10100780,0,関羽とお揃い衣装♀
10100790,0,不明
10100800,0,不明
10100810,0,不明
10100820,0,不明
10100830,0,不明
10100840,0,不明
10100850,0,不明
10100860,0,不明
10100861,0,N/A
10100862,0,N/A
10100870,0,N/A
10100880,0,不明
10100881,0,不明
10100890,0,不明
10100891,0,不明
10100900,0,不明
10100910,0,N/A
10100920,0,くまのきぐるみボディ♀
10100921,0,白くまのきぐるみボディ♀
10100922,0,ぱんだのきぐるみボディ♀
10100930,0,不明
10100940,0,不明
10100941,0,N/A
10100950,0,N/A
10100951,0,N/A
10100960,0,N/A
10100961,0,N/A
10100962,0,N/A
10100970,0,N/A
10100980,0,不明
10100990,0,不明
10101010,0,N/A
10101011,0,N/A
10101012,0,N/A
10101013,0,N/A
10101014,0,N/A
10101020,0,N/A
10101021,0,N/A
10101030,0,N/A
10101040,0,N/A
10101050,0,N/A
10101060,0,N/A
10101061,0,N/A
10101062,0,N/A
10101063,0,N/A
10101070,0,N/A
10101071,0,N/A
10101072,0,N/A
10101080,0,N/A
10101081,0,N/A
10101090,0,N/A
10101091,0,N/A
10101092,0,N/A
10101093,0,N/A
10101094,0,N/A
10101095,0,N/A
10101100,0,N/A
10101101,0,N/A
10101102,0,N/A
10101110,0,N/A
10101120,0,N/A
10101130,0,N/A
10101131,0,N/A
10101132,0,N/A
10101140,0,N/A
10101141,0,N/A
10101142,0,N/A
10101150,0,N/A
10101151,0,N/A
10101152,0,N/A
10101160,0,N/A
10101170,0,N/A
10101180,0,N/A
10101190,0,N/A
10101191,0,N/A
10101200,0,N/A
10101210,0,N/A
10101220,0,N/A
10101230,0,N/A
10101240,0,N/A
10101241,0,N/A
10101250,0,N/A
10101260,0,N/A
10101270,0,N/A
10101290,0,N/A
10101300,0,N/A
10101310,0,N/A
10101320,0,N/A
10101330,0,N/A
10101331,0,N/A
10101332,0,N/A
10101340,0,N/A
10101341,0,N/A
10101342,0,N/A
10101350,0,N/A
10101360,0,N/A
10101370,0,N/A
10101380,0,N/A
10101390,0,N/A
10101400,0,N/A
10101410,0,N/A
10101411,0,N/A
10101420,0,N/A
10101421,0,N/A
10101430,0,N/A
10101440,0,N/A
10101441,0,N/A
10101442,0,N/A
10101450,0,N/A
10101460,0,N/A
10101461,0,N/A
10101462,0,N/A
10101470,0,N/A
10101480,0,N/A
10101481,0,N/A
10101490,0,N/A
10101500,0,N/A
10101510,0,N/A
10101520,0,N/A
10101530,0,N/A
10101540,0,N/A
10101541,0,N/A
10101550,0,N/A
10101560,0,N/A
10101580,0,N/A
10101581,0,N/A
10101590,0,N/A
10101591,0,N/A
10101620,0,N/A
10101621,0,N/A
10101630,0,N/A
10101631,0,N/A
10101640,0,N/A
10101650,0,N/A
10101660,0,N/A
10101670,0,N/A
10101671,0,N/A
10101672,0,N/A
10101680,0,N/A
10101681,0,N/A
10101690,0,N/A
10101700,0,N/A
10101710,0,N/A
10101720,0,N/A
10101730,0,N/A
10101740,0,N/A
10101750,0,N/A
10101760,0,N/A
10101770,0,N/A
10101780,0,N/A
10101790,0,N/A
10101800,0,N/A
10101801,0,N/A
10101810,0,N/A
10101811,0,N/A
10101820,0,N/A
10101821,0,N/A
10101830,0,N/A
10101840,0,N/A
10101841,0,N/A
10101842,0,N/A
10101843,0,N/A
10101850,0,N/A
10101851,0,N/A
10101860,0,N/A
10101870,0,N/A
10101880,0,N/A
10101890,0,N/A
10101900,0,N/A
10101910,0,N/A
10101920,0,N/A
10101930,0,N/A
10101940,0,N/A
10101950,0,N/A
10101960,0,N/A
10101970,0,N/A
10101980,0,N/A
10101990,0,N/A
10102000,0,N/A
10102010,0,N/A
10102020,0,N/A
10102030,0,N/A
10102040,0,N/A
10200000,0,光坂高校・女子スカート
10200010,0,バーベナ学園・女子スカート
10200013,0,Rバーベナ学園冬服スカート♀
10200020,0,不明(男性用)
10200030,0,プリーツミニスカート(黒)
10200040,0,カーゴパンツ(カーキ)♀
10200041,0,カーゴパンツ(黒)♀
10200042,0,カーゴパンツ(紺)♀
10200050,0,ティアードミニ(緑)
10200051,0,ティアードミニ(ピンク)
10200052,0,ティアードミニ(白)
10200053,0,ティアードミニ(黒無地)・未公開?
10200054,0,ティアードミニ(白無地)・未公開?
10200060,0,ラップスカート(カーキ)
10200061,0,ラップスカート(グレー)
10200062,0,N/A
10200070,0,チェックスカート(赤)
10200071,0,不明
10200072,0,N/A
10200073,0,N/A
10200074,0,N/A
10200090,0,ショートパンツ(白)♀
10200091,0,ショートパンツ(オリーブ)♀
10200092,0,ショートパンツ(黒)♀
10200093,0,ショートパンツ(デニム)♀
10200094,0,ショートパンツ(ベージュ)♀
10200100,0,(男性用アイテム)
10200101,0,(男性用アイテム)
10200102,0,(男性用アイテム)
10200103,0,(男性用アイテム)
10200104,0,(男性用アイテム)
10200105,0,(男性用アイテム)
10200106,0,(男性用アイテム)
10200110,0,(男性用アイテム)
10200111,0,(男性用アイテム)
10200112,0,(男性用アイテム)
10200113,0,(男性用アイテム)
10200114,0,(男性用アイテム)
10200130,0,(男性用アイテム)
10200131,0,(男性用アイテム)
10200132,0,(男性用アイテム)
10200140,0,(男性用アイテム)
10200150,0,(男性用アイテム)
10200151,0,(男性用アイテム)
10200152,0,(男性用アイテム)
10200160,0,(男性用アイテム)
10200170,0,(男性用アイテム)
10200180,0,(男性用アイテム)
10200190,0,(男性用アイテム)
10200200,0,(男性用アイテム)
10200210,0,(男性用アイテム)
10200250,0,ロマンススカート(クリーム)
10200260,0,教師のスカート(紫)
10200261,0,教師のスカート(ピンク)
10200262,0,教師のスカート(黒)
10200270,0,カブリパンツ(デニム)♀
10200280,0,風見学園付属校・スカート
10200281,0,R風見学園付属校・スカート
10200282,0,R風見学園付属校・スカート
10200283,0,N/A
10200290,0,(男性用アイテム)
10200300,0,そよ風のミニスカート(黒)
10200301,0,そよ風のミニスカート(グレー)
10200302,0,そよ風のミニスカート(赤)
10200303,0,そよ風のミニスカート(茶)
10200304,0,そよ風のミニスカート(青)
10200305,0,そよ風のミニスカート(白)
10200306,0,そよ風のミニスカート(ピンク)
10200307,0,そよ風のミニスカート(水色)
10200310,0,ニットスカート(白)
10200311,0,ニットスカート(黒)
10200312,0,ニットスカート(ピンク)
10200320,0,ななかとお揃いのスカート♀
10200330,0,ヴァイススカート♀
10200331,0,シュヴァルツスカート♀
10200340,0,ヘリンボーンスカート(ピンク)
10200341,0,ヘリンボーンスカート(水色)
10200350,0,ゴスパンクスカート(赤)♀
10200351,0,ゴスパンクスカート(青)♀
10200360,0,お嬢様のジャンスカ(黒)・未公開?
10200361,0,お嬢様のジャンスカ(ワイン)♀
10200362,0,N/A
10200370,0,由夢とお揃いのジャージ♀下
10200380,0,シフォンプリーツ(ホワイト)♀
10200381,0,シフォンプリーツ(グレー)♀
10200382,0,シフォンプリーツ(ベージュ)♀
10200383,0,N/A
10200390,0,(男性用アイテム)
10200400,0,(男性用アイテム)
10200410,0,(男性用アイテム)
10200420,0,ジャージ♂?(黒)
10200421,0,ジャージ♂?(赤)
10200422,0,ジャージ♂?(青)
10200423,0,ジャージ♂?(黄)
10200424,0,ジャージ♂?(白)
10200430,0,(男性用アイテム)
10200431,0,(男性用アイテム)
10200432,0,(男性用アイテム)
10200433,0,(男性用アイテム)
10200434,0,(男性用アイテム)
10200440,0,(男性用アイテム)
10200450,0,N/A
10200460,0,不明
10200480,0,N/A
10200481,0,N/A
10200482,0,N/A
10200490,0,N/A
10200500,0,N/A
10200510,0,N/A
10200520,0,N/A
10200530,0,N/A
10200540,0,N/A
10200550,0,N/A
10200560,0,N/A
10200570,0,N/A
10200580,0,N/A
10200590,0,N/A
10200600,0,N/A
10200610,0,N/A
10200611,0,N/A
10200611,0,N/A
10200612,0,N/A
10200612,0,N/A
10200620,0,N/A
10200630,0,N/A
10200640,0,N/A
10200641,0,N/A
10200650,0,N/A
10200670,0,N/A
10200671,0,N/A
10200680,0,N/A
10200690,0,N/A
10200691,0,N/A
10200700,0,N/A
10200710,0,N/A
10200711,0,N/A
10200712,0,N/A
10200720,0,N/A
10200721,0,N/A
10200730,0,N/A
10200740,0,N/A
10200750,0,N/A
10200760,0,N/A
10200761,0,N/A
10200770,0,N/A
10200771,0,N/A
10200780,0,N/A
10200790,0,N/A
10200800,0,N/A
10200810,0,N/A
10200820,0,N/A
10200830,0,N/A
10200840,0,N/A
10200850,0,N/A
10299999,0,不明
10300000,0,プリンセスグローブ(白)
10300001,0,不明・消滅?
10300002,0,プリンセスグローブ(水色)
10300003,0,不明・消滅?
10300004,0,プリンセスグローブ(黒)
10300005,0,不明・消滅?
10300010,0,しましまアームカバー(赤)
10300011,0,しましまアームカバー(青)
10300012,0,しましまアームカバー(緑)
10300020,0,肉球手袋
10300030,0,(男性用アイテム)
10300040,0,(男性用アイテム)
10300041,0,不明(男性用)
10300042,0,不明(男性用)
10300050,0,(男性用アイテム)
10300060,0,(男性用アイテム)
10300061,0,不明(男性用)
10300062,0,不明(男性用)
10300063,0,不明(男性用)
10300070,0,(男性用アイテム)
10300071,0,不明(男性用)
10300080,0,メリーメリーグローブ(赤白)♀
10300081,0,メリーメリーグローブ(白白)♀
10300090,0,ポンポンニットグローブ
10300100,0,レースの手袋♀(ピンク)
10300101,0,レースの手袋♀(黒)
10300110,0,N/A
10300111,0,N/A
10300120,0,N/A
10300121,0,N/A
10300122,0,N/A
10300123,0,N/A
10300124,0,N/A
10300125,0,N/A
10300130,0,N/A
10300140,0,N/A
10300141,0,N/A
10300150,0,N/A
10300160,0,N/A
10300170,0,N/A
10300180,0,N/A
10300190,0,N/A
10400000,0,無地ソックス(白)
10400001,0,無地ソックス(紺)
10400002,0,無地ソックス(黒)
10400003,0,無地ソックス(ピンク)
10400004,0,無地ソックス(水色)
10400010,0,オーバーニー(灰)♀
10400011,0,オーバーニー(黒)♀
10400012,0,オーバーニー(白)♀
10400013,0,オーバーニー(白黒)♀
10400014,0,オーバーニー(赤黒)♀
10400015,0,オーバーニー(橙黒)♀
10400016,0,オーバーニー(水色)♀
10400017,0,オーバーニー(黒)♀
10400018,0,オーバーニー(水色&白)♀
10400019,0,オーバーニー(ピンク&白)♀
10400020,0,しましまソックス(水色)
10400021,0,しましまソックス(ピンク)
10400022,0,しましまソックス(赤)
10400023,0,しましまソックス(白)
10400024,0,しましまソックス(オレンジ)
10400030,0,メンズソックス
10400031,0,メンズソックス
10400032,0,メンズソックス
10400033,0,メンズソックス
10400034,0,メンズソックス
10400040,0,スニーカーソックス(白)
10400041,0,スニーカーソックス(白黒)
10400042,0,スニーカーソックス(グレー)
10400043,0,スニーカーソックス(黒)
10400044,0,スニーカーソックス(赤)
10400045,0,スニーカーソックス(青?)
10400060,0,ひざ上オーバーニー(白)
10400061,0,ひざ上オーバーニー(黒)
10400062,0,ひざ上オーバーニー(こげ茶)
10400070,0,木綿の白足袋
10400071,0,N/A
10400080,0,リボンオーバーニー(ピンク)
10400081,0,リボンオーバーニー(黒)
10400090,0,小恋とお揃いのオーバーニー(白)
10400100,0,関羽とお揃い靴下♀
10400110,0,N/A
10400111,0,N/A
10400112,0,N/A
10400120,0,N/A
10400121,0,N/A
10400122,0,N/A
10400130,0,N/A
10400131,0,N/A
10400132,0,N/A
10400140,0,N/A
10400150,0,N/A
10400160,0,N/A
10400161,0,N/A
10400170,0,N/A
10400180,0,N/A
10400190,0,N/A
10400200,0,N/A
10400210,0,N/A
10400220,0,N/A
10400221,0,N/A
10400222,0,N/A
10400223,0,N/A
10400230,0,N/A
10400240,0,N/A
10400250,0,N/A
10400260,0,N/A
10400270,0,N/A
10400280,0,N/A
10400300,0,N/A
10400310,0,N/A
10400320,0,N/A
10400330,0,N/A
10400340,0,N/A
10499990,0,無地ハイソックス(灰)
10499991,0,不明(男性用?)
10499992,0,不明(男性用?)
10499993,0,不明(男性用?)
10499994,0,不明(男性用?)
10499999,0,無地ハイソックス(黒)・未公開?
10500000,0,ワークシューズ(赤)
10500010,0,キャンバススニーカー(黒)
10500011,0,キャンバススニーカー(白)
10500012,0,キャンバススニーカー(緑)
10500013,0,N/A
10500014,0,N/A
10500020,0,チャイナヒール(青)
10500021,0,チャイナヒール(赤)
10500022,0,チャイナヒール(白)
10500023,0,チャイナヒール(桜)
10500024,0,N/A
10500040,0,ローファー(茶)
10500041,0,亜沙とお揃いのローファー
10500045,0,N/A
10500046,0,N/A
10500047,0,N/A
10500048,0,N/A
10500050,0,音姫とお揃いのブーツ
10500060,0,ミリタリーロングブーツ(迷彩)
10500070,0,(男性用アイテム)
10500071,0,(男性用アイテム)
10500072,0,(男性用アイテム)
10500090,0,アイコンのみ(黒ローファー)・未使用?
10500091,0,アイコンのみ(茶ローファー)・未使用?
10500100,0,アイコンのみ(下駄)
10500101,0,N/A
10500102,0,N/A
10500110,0,バスケットシューズ♂
10500111,0,バスケットシューズ♂
10500112,0,バスケットシューズ♂
10500120,0,(男性用アイテム)
10500130,0,革のハイヒール(黒)
10500131,0,革のハイヒール(白)
10500132,0,革のハイヒール(金)
10500133,0,革のハイヒール(ピンク)
10500134,0,革のハイヒール(赤)
10500135,0,革のハイヒール(青)
10500136,0,不明・消滅?
10500150,0,ウェスタンブーツ(こげ茶)♀
10500151,0,ウェスタンブーツ(黒)♀
10500152,0,ウェスタンブーツ(茶)♀
10500180,0,四角い黄色いもの? 背高い
10500190,0,ムートンブーツ(ベージュ)
10500191,0,ムートンブーツ(白)
10500192,0,ムートンブーツ(茶)
10500200,0,メリーメリーブーツ(赤白)♀
10500201,0,メリーメリーブーツ(白白)♀
10500210,0,船形下駄(赤)
10500211,0,船形下駄(黒)
10500212,0,船形下駄(黄)
10500213,0,船形下駄(青)
10500214,0,N/A
10500215,0,N/A
10500220,0,足ティッシュ
10500230,0,ヴァイスブーツ♀
10500231,0,シュヴァルツブーツ♀
10500240,0,ゴスロリワルツシューズ♀(黒)
10500241,0,N/A
10500242,0,N/A
10500250,0,レースのシューズ♀(白)
10500260,0,ショートブーツ(黒)
10500261,0,ショートブーツ(茶)
10500262,0,N/A
10500263,0,N/A
10500270,0,ニーハイブーツ♀(黒)
10500271,0,ニーハイブーツ♀(白)
10500280,0,ゴスパンクシューズ♀(黒)
10500281,0,ゴスパンクシューズ♀(白)
10500290,0,バレリーナシューズ♀(白)
10500291,0,バレリーナシューズ♀(黒)
10500300,0,茶色のローファー風・未公開
10500310,0,ななかとお揃いのブーツ♀
10500320,0,雪村杏とお揃いの靴♀
10500330,0,喫茶フローラシューズ♀
10500340,0,関羽とお揃いの靴♀
10500350,0,不明
10500360,0,不明
10500361,0,N/A
10500370,0,N/A
10500371,0,N/A
10500372,0,N/A
10500380,0,N/A
10500390,0,N/A
10500391,0,N/A
10500400,0,N/A
10500401,0,N/A
10500402,0,N/A
10500410,0,N/A
10500420,0,N/A
10500421,0,N/A
10500430,0,N/A
10500431,0,N/A
10500440,0,N/A
10500450,0,N/A
10500451,0,N/A
10500460,0,N/A
10500480,0,N/A
10500481,0,N/A
10500490,0,N/A
10500500,0,N/A
10500510,0,N/A
10500520,0,N/A
10500530,0,N/A
10500540,0,N/A
10500550,0,N/A
10500560,0,N/A
10500570,0,N/A
10500580,0,N/A
10500600,0,N/A
10500610,0,N/A
10500611,0,N/A
10500612,0,N/A
10500620,0,N/A
10500630,0,N/A
10500631,0,N/A
10500632,0,N/A
10500633,0,N/A
10500640,0,N/A
10500650,0,N/A
10500651,0,N/A
10500652,0,N/A
10500660,0,N/A
10500670,0,N/A
10500671,0,N/A
10500680,0,N/A
10500690,0,N/A
10500700,0,N/A
10500710,0,N/A
10500720,0,N/A
10500730,0,N/A
10500740,0,N/A
10500750,0,N/A
10500760,0,N/A
10600000,0,プリティーブラ(ピンク)
10600001,0,プリティーブラ(白)
10600002,0,プリティーブラ(黄)
10600010,0,チェックの紐ブラ(水色)
10600011,0,N/A
10600012,0,N/A
10600013,0,N/A
10600014,0,N/A
10600015,0,N/A
10600016,0,N/A
10600020,0,音姫とお揃いのブラ
10600030,0,Ｔシャツブラ(ベージュ)
10600040,0,不明
10600041,0,N/A
10600042,0,N/A
10600043,0,N/A
10600044,0,N/A
10600050,0,N/A
10600070,0,N/A
10600080,0,N/A
10600090,0,N/A
10600100,0,N/A
10600110,0,N/A
10600120,0,N/A
10600121,0,N/A
10600122,0,N/A
10700000,0,プリティーショーツ(ピンク)
10700001,0,プリティーショーツ(白)
10700002,0,プリティーショーツ(黄)
10700010,0,チェックの紐パン(水色)♀
10700011,0,N/A
10700012,0,N/A
10700013,0,N/A
10700014,0,N/A
10700015,0,N/A
10700016,0,N/A
10700020,0,音姫とお揃いショーツ
10700030,0,(男性用アイテム)
10700031,0,(男性用アイテム)
10700032,0,(男性用アイテム)
10700040,0,不明
10700041,0,不明
10700042,0,不明
10700050,0,(男性用アイテム)
10700051,0,(男性用アイテム)
10700052,0,(男性用アイテム)
10700060,0,ダイヤ柄ストッキング(黒)
10700061,0,ダイヤ柄ストッキング(赤)
10700062,0,ダイヤ柄ストッキング(ベージュ)
10700063,0,ダイヤ柄ストッキング(紫)
10700070,0,ニットタイツ(グレー)
10700071,0,ニットタイツ(黒)
10700072,0,風子とお揃いのタイツ♀
10700080,0,雪村杏とお揃いのオーバーニー♀
10700090,0,喫茶フローラソックス(白)♀
10700100,0,喫茶フローラソックス(黒)♀
10700110,0,縞パン(青)
10700111,0,縞パン(緑)
10700112,0,N/A
10700120,0,不明
10700130,0,N/A
10700131,0,N/A
10700140,0,N/A
10700150,0,N/A
10700160,0,N/A
10700170,0,N/A
10700180,0,N/A
10700190,0,N/A
10700200,0,N/A
10700201,0,N/A
10700202,0,N/A
10700210,0,N/A
10700220,0,N/A
10700230,0,N/A
10800000,11,ふちなしメガネ
10800010,11,ノーマルフレーム(黒)
10800011,11,ノーマルフレーム(金)
10800012,11,ノーマルフレーム(銀)
10800013,11,N/A
10800014,11,N/A
10800020,11,モードフレーム(赤)
10800021,11,モードフレーム(緑)
10800022,11,モードフレーム(黄色)
10800023,11,モードフレーム(青)
10800030,11,スクエアフレーム(緑)
10800031,11,スクエアフレーム(水色)
10800032,11,スクエアフレーム(ピンク)
10800040,11,教育ママのメガネ(銀)
10800041,11,教育ママのメガネ(金)
10800042,11,教育ママのメガネ(黒)
10800050,11,オールドサングラス(黒)
10800060,11,サイバーなゴーグル
10800061,11,N/A
10800062,11,N/A
10800070,11,ゴーストマスク
10800080,15,ふわふわピアス(白)
10800081,15,ふわふわピアス(黒)
10800082,15,ふわふわピアス(オフホワイト)
10800090,11,ガーゼの眼帯
10800091,11,ローズアイパッチ
10800092,11,海賊の眼帯
10800093,11,N/A
10800094,11,N/A
10800095,11,N/A
10800100,15,フープピアス(金)
10800101,15,フープピアス(銀)
10800110,11,鼻眼鏡
10800120,11,ぐるぐる眼鏡(黒)
10800121,11,ぐるぐる眼鏡(白)
10800130,15,不明
10800131,15,N/A
10800150,16,N/A
10800151,15,N/A
10800152,16,N/A
10800153,15,N/A
10800160,16,N/A
10800161,15,N/A
10800170,16,N/A
10800171,15,N/A
10800180,16,N/A
10800181,15,N/A
10800190,16,N/A
10800191,15,N/A
10800192,16,N/A
10800193,15,N/A
10800200,15,N/A
10800201,16,N/A
10800202,15,N/A
10800203,16,N/A
10800210,15,N/A
10800211,16,N/A
10800212,15,N/A
10800213,16,N/A
10899999,23,団長腕輪
10900000,51,朝倉音姫ウィッグ
10900010,51,リシアンサスウィッグ
10900020,51,古河渚ウィッグ
10900030,51,お嬢様ロング(ブラウン)
10900031,51,お嬢様ロング(ブラック)
10900032,51,お嬢様ロング(ディープレッド)
10900033,51,お嬢様ロング(ライトブラウン)
10900034,51,お嬢様ロング(グレー)
10900040,51,クラシックボブ(ブラウン)
10900041,51,クラシックボブ(ブラック)
10900042,51,クラシックボブ(ディープレッド)
10900043,51,クラシックボブ(ライトブラウン)
10900044,51,クラシックボブ(グレー)
10900050,51,カチューシャボブ(ダークブルー)
10900051,51,カチューシャボブ(ダークレッド)
10900052,51,カチューシャボブ(ブラウン)
10900053,51,カチューシャボブ(グレー)
10900054,51,カチューシャボブ(パープル)
10900060,51,プチツイン(ダークブルー)
10900061,51,プチツイン(ダークレッド)
10900062,51,プチツイン(ブラウン)
10900063,51,プチツイン(グレー)
10900064,51,プチツイン(パープル)
10900070,51,ガーリーポニーテール(ブラウン)
10900071,51,ガーリーポニーテール(ブルー)
10900072,51,ガーリーポニーテール(グリーン)
10900073,51,ガーリーポニーテール(パープル)
10900074,51,ガーリーポニーテールオレンジ
10900080,51,スプリングレイヤー(ブラウン)
10900081,51,スプリングレイヤー(ブルー)
10900082,51,スプリングレイヤー(グリーン)
10900083,51,スプリングレイヤー(パープル)
10900084,51,スプリングレイヤー(オレンジ)
10900090,51,不明
10900100,51,不明
10900101,51,不明
10900102,51,不明
10900103,51,不明
10900104,51,不明
10900110,51,消滅? ショートボブ?(焦茶)
10900111,51,消滅? ショートボブ?(水色)
10900112,51,消滅? ショートボブ?(茶)
10900113,51,消滅? ショートボブ?(紫)
10900114,51,消滅? ショートボブ?(黒)
10900120,51,不明
10900121,51,不明
10900122,51,不明
10900123,51,不明
10900124,51,不明
10900130,51,N/A
10900140,51,おかっぱ(黒) NPC用
10900141,51,おかっぱ(水色) 未公開?
10900142,51,おかっぱ(焦茶) 未公開?
10900143,51,おかっぱ(茶) 未公開?
10900144,51,おかっぱ(金) 未公開?
10900150,51,ショート(紫) NPC用
10900151,51,N/A
10900152,51,N/A
10900153,51,N/A
10900154,51,N/A
10900160,51,ポニーテール(薄茶) NPC用
10900161,51,ポニーテール(灰) 未公開?
10900162,51,ポニーテール(白) 未公開?
10900163,51,ポニーテール(金) 未公開?
10900164,51,ポニーテール(緑) 未公開?
10900170,51,セクシーヘア(濃紫) NPC用
10900171,51,セクシーヘア(濃茶) 未公開?
10900172,51,セクシーヘア(薄茶) 未公開?
10900173,51,セクシーヘア(灰) 未公開?
10900174,51,セクシーヘア(薄紫) 未公開?
10900180,51,エレガントボブ(ブラウン)
10900181,51,エレガントボブ(水色) 未公開?
10900182,51,エレガントボブ(緑) 未公開?
10900183,51,エレガントボブ(パープル)
10900184,51,エレガントボブ(薄茶) 未公開?
10900190,51,不明(男性用?)
10900191,51,N/A
10900192,51,N/A
10900193,51,N/A
10900194,51,N/A
10900200,51,ネリネウィッグ♀
10900201,51,N/A
10900210,51,芙蓉楓ウィッグ♀
10900211,51,N/A
10900220,51,朝倉由夢ウィッグ♀
10900221,51,N/A
10900230,51,白河ななかウィッグ♀
10900231,51,N/A
10900240,51,雪村杏ウィッグ♀ 未公開?
10900241,51,N/A
10900250,51,月島小恋ウィッグ♀ 未公開?
10900251,51,N/A
10900260,51,藤林杏ウィッグ♀
10900270,51,坂上智代ウィッグ♀
10900280,51,一ノ瀬ことみウィッグ♀
10900290,51,伊吹風子ウィッグ♀
10900300,51,プリムラウィッグ♀
10900301,51,N/A
10900310,51,時雨亜沙ウィッグ♀
10900320,51,N/A
10900330,51,N/A
10900340,51,N/A
10910010,51,名称不明(黒)
10910011,51,N/A
10910012,51,N/A
10910013,51,N/A
10910014,51,N/A
10910020,51,名称不明(エメラルドグリーン)
10910021,51,N/A
10910022,51,N/A
10910023,51,N/A
10910024,51,N/A
10910030,51,不明(男性用?)
10910031,51,不明(男性用?)
10910032,51,不明(男性用?)
10910033,51,不明(男性用?)
10910034,51,不明(男性用?)
10910040,51,不明(男性用?)
10910041,51,不明(男性用?)
10910042,51,不明(男性用?)
10910043,51,不明(男性用?)
10910044,51,不明(男性用?)
10910050,51,不明(男性用?)
10910051,51,不明(男性用?)
10910052,51,不明(男性用?)
10910053,51,不明(男性用?)
10910054,51,不明(男性用?)
10910060,51,不明(男性用?)
10910061,51,不明(男性用?)
10910062,51,不明(男性用?)
10910063,51,不明(男性用?)
10910064,51,不明(男性用?)
10920010,51,不明(男性用?)
10920011,51,不明(男性用?)
10920012,51,不明(男性用?)
10920013,51,不明(男性用?)
10920014,51,不明(男性用?)
10920020,51,不明(男性用?)
10920021,51,不明(男性用?)
10920022,51,不明(男性用?)
10920023,51,不明(男性用?)
10920024,51,不明(男性用?)
10920030,51,不明(男性用?)
10920031,51,不明(男性用?)
10920032,51,不明(男性用?)
10920033,51,不明(男性用?)
10920034,51,不明(男性用?)
10920040,51,不明(男性用?)
10920041,51,不明(男性用?)
10920042,51,不明(男性用?)
10920043,51,不明(男性用?)
10920044,51,不明(男性用?)
10930010,51,ショート系(水色)
10930011,51,ショート系(茶)
10930012,51,ショート系(ピンク)
10930013,51,ショート系(金)
10930014,51,ショート系(黒)
10930020,51,ロングストレート(ブルー)
10930021,51,ロングストレート(ブラウン)
10930022,51,ロングストレート(ピンク)
10930023,51,ロングストレート(ゴールド)
10930024,51,ロングストレート(ブラック)
10930030,51,小悪魔ツイン(ライトブルー)
10930031,51,小悪魔ツイン(ブラウン)
10930032,51,小悪魔ツイン(ピンク)
10930033,51,小悪魔ツイン(ゴールド)
10930034,51,小悪魔ツイン(ブラック)
10930040,51,ミディアムボブ(ライトブルー)
10930041,51,ミディアムボブ(ブラウン)
10930042,51,ミディアムボブ(ピンク)
10930043,51,ミディアムボブ(ゴールド)
10930044,51,ミディアムボブ(ブラック)
10930050,11,ハッピーアフロ(ブラック)
10930051,11,ハッピーアフロ(グリーン)
10930052,11,ハッピーアフロ(ピンク)
10930053,11,ハッピーアフロ(イエロー)
10930054,11,N/A
10930055,11,N/A
10930055,0,N/A
10930055,0,N/A
10930055,0,N/A
10930055,0,N/A
10930055,0,N/A
10930055,0,N/A
10930055,0,N/A
10930055,0,N/A
10930055,0,N/A
10930055,0,N/A
10930055,0,N/A
10930055,0,N/A
10930055,0,N/A
10930055,0,N/A
10930056,11,N/A
10930060,51,N/A
10930070,51,N/A
10930080,51,N/A
10930090,51,N/A
10930091,51,N/A
10930100,51,N/A
10930110,51,N/A
10930120,51,N/A
10930130,51,N/A
10930140,51,N/A
10930150,51,N/A
10930160,51,N/A
10930170,51,N/A
10930180,51,N/A
10930181,51,N/A
10930190,51,N/A
10930200,51,N/A
10930201,51,N/A
10930210,51,N/A
10930220,51,N/A
10930221,51,N/A
10930230,51,N/A
10930240,51,N/A
10930241,51,N/A
10930250,51,N/A
10930260,51,N/A
10930270,51,N/A
10930280,51,N/A
10930290,51,N/A
10930291,51,N/A
10930300,51,N/A
10930301,51,N/A
10930310,51,N/A
10930311,51,N/A
10930320,51,N/A
10930321,51,N/A
10930330,51,N/A
10930340,51,N/A
10930341,51,N/A
10930350,51,N/A
10930360,51,N/A
10930370,51,N/A
10940000,51,N/A
11400000,26,天使の羽(白)
11400001,26,天使の羽(水色)
11400002,26,天使の羽(黒)
11400003,26,N/A
11400004,26,N/A
11400005,26,N/A
11400010,26,悪魔の羽(黒)
11400011,26,悪魔の羽(紫)
11400012,26,悪魔の羽(赤紫)
11400013,26,N/A
11400013,26,N/A
11400020,26,スクールリュック
11400020,26,スクールリュック
11400021,26,スクールリュック
11400030,26,リュックサック
11400040,26,黒マント
11400050,26,背負いティッシュ
11400060,26,たれうさリュック(モカ)
11400061,26,たれうさリュック(黒)
11400062,26,たれうさリュック(白)
11400070,27,くらにゃど「ネコ」しっぽ
11400074,27,N/A
11400080,27,くらにゃど「くま」しっぽ
11400090,27,くらにゃど「きつね」しっぽ
11400100,27,くらにゃど「うさぎ」しっぽ
11400110,27,くらにゃど「いぬ」しっぽ
11400120,26,N/A
11400130,26,N/A
11400140,27,N/A
11400150,26,N/A
11400160,26,N/A
11401000,26,N/A
11499990,26,N/A
11499991,26,N/A
11499992,26,N/A
11499993,26,N/A
11499994,27,N/A
11499995,27,N/A
11499996,27,N/A
11499997,27,N/A
11500000,23,団長腕章
11500010,20,レザーブレスレッド(白)
11500011,20,レザーブレスレッド(黒)
11500012,20,レザーブレスレッド(茶)
11500040,22,風見学園・生徒会腕章
11500050,21,リシアンサスとお揃いのリボン
11500060,21,腕ティッシュ
11500070,20,ファーブレス(白)
11500070,20,ファーブレス(白)
11500071,20,N/A
11500071,20,N/A
11500080,20,チェーンブレス(黒)♀
11500081,20,チェーンブレス(白)♀
11500090,0,喫茶フローラリストリボン♀
11500100,20,チェーンブレス(黒)♂
11500101,20,チェーンブレス(白)♂
11500110,0,N/A
11500130,21,N/A
11500140,0,N/A
11500150,0,N/A
11600000,12,ネコの首輪♀
11600010,0,光坂高校・指定ネクタイ
11600030,26,ティッシュ黒 ???
11600040,0,ポンポンニットマフラー(緑)♂
11600041,0,ポンポンニットマフラー(赤)♂
11600042,0,ポンポンニットマフラー(白)♂
11600050,0,ポンポンニットマフラー(緑)♀
11600051,0,ポンポンニットマフラー(赤)♀
11600052,0,ポンポンニットマフラー(白)♀
11600060,12,王冠のネックレス(金)
11600061,12,王冠のネックレス(金)
11600070,12,クロスチョーカー(金)
11600071,12,クロスチョーカー(銀)
11600080,0,ジップパンクタイ(赤黒)
11600081,0,ジップパンクタイ(白黒)
11600090,12,リボンネックレス(黒)
11600091,12,リボンネックレス(ワイン)
11600100,12,大きい蝶リボン(黒)
11600101,12,大きい蝶リボン(赤)
11600102,12,大きい蝶リボン(茶?)
11600150,12,ネックレス(名称不明)
11600160,0,不明
11600170,12,N/A
11600180,12,N/A
11600190,12,N/A
11600191,12,N/A
11600192,12,N/A
11600200,12,N/A
11600201,12,N/A
11600210,0,N/A
11600211,0,N/A
11600220,0,N/A
11600221,0,N/A
11600230,12,N/A
11600240,12,N/A
11600250,12,N/A
11600260,12,N/A
11700020,14,プチリボン(黄)
11700021,14,プチリボン(薄紫)
11700022,14,プチリボン(赤)
11700023,14,プチリボン(黒)
11700024,14,プチリボン(青)
11700030,10,リボンカチューシャ(赤)
11700031,10,リボンカチューシャ(ピンク)
11700032,10,リボンカチューシャ(黄)
11700033,10,リボンカチューシャ(水)
11700034,10,リボンカチューシャ(黒)
11700040,10,ケモ耳(茶)
11700050,10,うさみみ(白)
11700051,10,うさみみ(黒)
11700052,10,N/A
11700053,10,N/A
11700060,10,ねこみみ(白)
11700070,10,うさみみ(ピンク)
11700080,10,メモリアルクラウン(赤)♂
11700081,10,メモリアルクラウン(青)♂
11700090,10,メモリアルクラウン(赤)♀
11700091,10,メモリアルクラウン(青)♀
11700100,10,由夢とお揃いのシニヨンカバー♀?
11700110,10,頭ティッシュ
11700120,10,ホワイトブリム
11700130,10,トナカイカチューシャ
11700131,10,N/A
11700140,10,初春の大きなリボン(黄)
11700141,10,初春の大きなリボン(ピンク)
11700150,10,くらにゃど「ネコ」みみ
11700160,10,くらにゃど「くま」みみ
11700170,10,くらにゃど「きつね」みみ
11700180,10,くらにゃど「うさぎ」みみ
11700190,10,くらにゃど「いぬ」みみ
11700200,10,もこもこ耳当て
11700201,10,N/A
11700210,10,リボンシルクハット(ピンク)
11700211,10,リボンシルクハット(黒)
11700220,10,オデット姫のティアラ(金)
11700221,10,オデット姫のティアラ(銀)
11700230,10,不明
11700240,14,和リボンのパッチンどめ(青緑)
11700241,14,和リボンのパッチンどめ(群青)
11700242,14,和リボンのパッチンどめ(黒紅)
11700243,14,和リボンのパッチンどめ(葡萄)
11700244,14,和リボンのパッチンどめ(薄萌葱)
11700245,14,和リボンのパッチンどめ(若緑)
11700250,10,不明
11700251,10,不明
11700252,10,不明
11700260,10,喫茶フローラヘッドドレス♀
11700270,10,頭のせ虎玉
11700280,10,頭のせ白玉黒玉
11700290,10,不明
11700300,10,N/A
11700310,10,N/A
11700320,10,N/A
11700330,10,N/A
11700331,10,N/A
11700340,10,N/A
11700350,10,N/A
11700351,10,N/A
11700360,10,N/A
11700370,11,N/A
11700371,11,N/A
11700380,10,N/A
11700390,10,N/A
11700391,10,N/A
11700392,10,N/A
11700393,10,N/A
11800010,50,かぼちゃのかぶりもの(オレンジ)
11800011,50,かぼちゃのかぶりもの(黄)
11800020,50,かぼちゃのかぶりもの(オレンジ)
11800021,50,かぼちゃのかぶりもの(黄)
11800030,11,馬のマスク(こげ茶)
11800031,11,馬のマスク(黒)
11800032,11,馬のマスク(灰)
11800040,11,白鳥のマスク
11800041,11,N/A
11800042,11,N/A
11800050,80,くまのきぐるみヘッド♀
11800051,80,不明
11800052,80,不明
11800053,80,N/A
12200000,60,サイリウム(ピンク)
12200001,60,サイリウム(緑)
12200002,60,サイリウム(青)
12200010,60,ほうき
12200011,60,N/A
12200020,60,やわらくったりぬいぐるみ(モカ)
12200021,60,やわらくったりぬいぐるみ(黒)
12200030,60,抱きぬいぐるみ・虎玉
12200040,60,抱きぬいぐるみ・白玉&黒玉
12200050,60,杖
12200060,60,学生かばん(黒)
12200061,60,学生かばん(茶)
12200070,60,両手いっぱいのひまわり
12200080,60,N/A
12200100,60,N/A
12200110,60,N/A
12200111,60,N/A
12200112,60,N/A
12200120,60,N/A
12200121,60,N/A
12200122,60,N/A
12200130,60,N/A
12200140,60,N/A
12200141,60,N/A
12200142,60,N/A
12200150,60,N/A
12200160,60,N/A
12200170,60,N/A
12200171,60,N/A
12200172,60,N/A
12200173,60,N/A
12200174,60,N/A
12200175,60,N/A
12200176,60,N/A
12200177,60,N/A
12200178,60,N/A
12200179,60,N/A
12200180,60,N/A
12200190,60,N/A
12200200,60,N/A
12200210,60,N/A
12200220,60,N/A
12200221,60,N/A
12200230,60,N/A
12200231,60,N/A
12200240,60,N/A
12200250,60,N/A
12200251,60,N/A
12200252,60,N/A
12200253,60,N/A
12200254,60,N/A
12200255,60,N/A
12200256,60,N/A
12200257,60,N/A
12200258,60,N/A
12200260,60,N/A
12200280,60,N/A
12200281,60,N/A
12200290,60,N/A
12200300,60,N/A
12200310,18,N/A
12200320,60,N/A
12300000,18,N/A
12300001,18,N/A
12300002,18,N/A
12300010,18,N/A
12300020,18,N/A
12300021,18,N/A
12300030,18,N/A
12300040,18,N/A
12300041,18,N/A
12300042,18,N/A
12300043,18,N/A
12300050,18,N/A
12300051,18,N/A
12300052,18,N/A
12300053,18,N/A
12400000,18,N/A
40000000,10,N/A
40100000,0,N/A
40100010,0,N/A
40100020,0,N/A
40100030,0,N/A
40100040,0,N/A
40100050,0,N/A
40100060,0,N/A
40100070,0,N/A
40100080,0,N/A
40100120,0,N/A
40100130,0,N/A
40100140,0,N/A
40100150,0,N/A
40100160,0,N/A
40100170,0,N/A
40100180,0,N/A
40100190,0,N/A
40100200,0,N/A
40100210,0,N/A
40100220,0,N/A
40100230,0,N/A
40100240,0,N/A
40100250,0,N/A
40100260,0,N/A
40100270,0,N/A
40100280,0,N/A
40100290,0,N/A
40100300,0,N/A
40100310,0,N/A
40100320,0,N/A
40100330,0,N/A
40100340,0,N/A
40100350,0,N/A
40100360,0,N/A
40100370,0,N/A
40100380,0,N/A
40100390,0,N/A
40100400,0,N/A
40100410,0,N/A
40100420,0,N/A
40100430,0,N/A
40100440,0,N/A
40100450,0,N/A
40200000,0,N/A
40200010,0,N/A
40200011,0,N/A
40200020,0,N/A
40200030,0,N/A
40200040,0,N/A
40200050,0,N/A
40200070,0,N/A
40200080,0,N/A
40200090,0,N/A
40200100,0,N/A
40200110,0,N/A
40300000,0,N/A
40300010,0,N/A
40300030,0,N/A
40300040,0,N/A
40400000,0,N/A
40400010,0,N/A
40500000,0,N/A
40500010,0,N/A
40500020,0,N/A
40500030,0,N/A
40500040,0,N/A
40500060,0,N/A
40500070,0,N/A
40500080,0,N/A
40500090,0,N/A
40500100,0,N/A
40500110,0,N/A
40500120,0,N/A
40500130,0,N/A
40500140,0,N/A
40500150,0,N/A
40600000,0,N/A
40600010,0,N/A
40600011,0,N/A
40600020,0,N/A
40600030,0,N/A
40700000,0,N/A
40700010,0,N/A
40700011,0,N/A
40700020,0,N/A
40700040,0,N/A
40800000,11,N/A
40900000,51,N/A
40900010,51,N/A
41000000,0,N/A
41000100,0,N/A
41400000,26,N/A
41400010,26,N/A
41500000,23,N/A
41600000,12,N/A
41700020,14,N/A
41800010,50,N/A
42200000,60,N/A
42200010,60,N/A
42200020,60,N/A
90000000,0,N/A
90000001,0,N/A
90000002,0,N/A
90000003,0,N/A
90000004,0,N/A
90000005,0,N/A
90000006,0,N/A
90000007,0,N/A
90000008,0,N/A
90000009,0,N/A
90000009,0,N/A
90000010,0,N/A
90000010,0,N/A
90000011,0,N/A
90000011,0,N/A
90000012,0,N/A
90000012,0,N/A
90000013,0,N/A
90000013,0,N/A
90000014,0,N/A
90000014,0,N/A
90000015,0,N/A
90000015,0,N/A
90000016,0,N/A
90000016,0,N/A
90000510,26,N/A
90000511,26,N/A
90000512,26,N/A
90000513,26,N/A
90000514,26,N/A
90000515,26,N/A
90000516,26,N/A
90000517,26,N/A
90000518,10,N/A
90000519,10,N/A
90000520,10,N/A
90000521,10,N/A
90000522,10,N/A
90000523,10,N/A
90000524,10,N/A
90000525,10,N/A
